id,target
d996f823,Kids
1cf01f9c,Kids
856ea05c,Kids
c97899ee,Kids
73f0740f,Kids
373f0ec7,Kids
a72d1f85,Kids
3251ec66,Kids
f9813504,Kids
9b8a8779,Kids
f504a7f3,Kids
79246b3c,Kids
bf7f301c,Kids
25ce2384,Kids
c8c79b61,Kids
ca59cfa9,Kids
8ca6e751,Kids
fe5eeda2,Kids
8f191968,Kids
c3567863,Kids
ea8f6ba5,Kids
79fabf09,Kids
fd406755,Kids
90f95cbb,Kids
cbfcbd54,Kids
ebad358e,Kids
5e61ca74,Kids
4c89706b,Kids
22e21d5b,Kids
6769b33f,Kids
4e71c7df,Kids
d7a19b32,Kids
ebd8c7be,Kids
98f1e376,Kids
8c1f839e,Kids
7ad8f4d3,Kids
18f9215c,Kids
b468aecf,Kids
7f40e557,Kids
129ece38,Kids
376b7b3e,Kids
ea6f2462,Kids
b7ea1897,Kids
2ef2c57d,Kids
12dab50b,Kids
6151cf8b,Kids
bf0ab11a,Kids
190e710b,Kids
4d0fa6e4,Kids
a1a08254,Kids
ec881950,Kids
736df467,Kids
5ccba765,Kids
74d8df1d,Kids
012b4e31,Kids
d5722a26,Kids
282943ba,Kids
62d13f7c,Kids
23c8227a,Kids
42e642e0,Kids
5228ac03,Kids
9a9e09ab,Kids
be438cd4,Kids
079b3a8f,Kids
63a6f155,Kids
c09b9323,Kids
c1341560,Kids
46e994a4,Kids
b1175e2e,Kids
f783df78,Kids
74b542aa,Kids
01b067c1,Kids
f29d36b6,Kids
d7a73377,Kids
15e73b46,Kids
a5726090,Kids
fe8c18cc,Kids
cc9fc4d3,Kids
4be8fae3,Kids
207c6773,Kids
6e391267,Kids
99dbaeaf,Kids
0f80cd77,Kids
f3091319,Kids
cc2e8b73,Kids
acfa5ac5,Kids
42ed3ef9,Kids
4be52828,Kids
f54f0361,Kids
cff92084,Kids
108b2e2f,Kids
5e0659e1,Kids
c3c6f1ca,Kids
1f83c72e,Kids
52acd2cf,Kids
311dc8a4,Kids
d9e0f744,Kids
2814c064,Kids
3a223166,Kids
4bb2094f,Kids
a54ca6d3,Kids
c67f8105,Kids
09c53971,Kids
998f4fe8,Kids
a05400b9,Kids
f0e8d79f,Kids
c3ace3d3,Kids
c669012d,Kids
4d40e3e8,Kids
75bdc252,Kids
9430ed24,Kids
cd9aa939,Kids
b07ae7b9,Kids
fcaa7e18,Kids
84320e52,Kids
9e8b85a6,Kids
313b20e5,Kids
dd716f39,Kids
0228e09a,Kids
81a3db54,Kids
d870aaa2,Kids
96ea5a14,Kids
e4498547,Kids
d9b23c9f,Kids
8350e0b9,Kids
8a778b8f,Kids
772e01d7,Kids
a154a0de,Kids
3c54f42a,Kids
3cb1a4c3,Kids
4e4de2b6,Kids
7f4983a2,Kids
e2a9fcc0,Kids
a59c3ebb,Kids
3c749e53,Kids
62ee4a88,Kids
01bb9765,Kids
e460a6da,Kids
c04338cd,Kids
fbff52b6,Kids
0c9d042e,Kids
843685a5,Kids
2f4a71aa,Kids
daf87872,Kids
6ca4092a,Kids
162cf05f,Kids
2306ba3c,Kids
5bc7ab5b,Kids
36dc36ac,Kids
fed3bc7d,Kids
eb4db4fd,Kids
c97824ad,Kids
7ccefab9,Kids
b64f40ee,Kids
f563098e,Kids
7773d7a6,Kids
73fe2f4c,Kids
1736bb12,Kids
2f03a243,Kids
87494fb8,Kids
757bef40,Kids
f68934a1,Kids
e67e45bd,Kids
287c6951,Kids
82e2a48f,Kids
ba62a2ab,Kids
4ac4672d,Kids
5167de8d,Kids
6dcbab9f,Kids
d0162b2e,Kids
8c1a5f18,Kids
4e2915be,Kids
81f925fe,Kids
66c506b6,Kids
f939d39b,Kids
9c9646a4,Kids
5fdbc78d,Kids
0b68ee1d,Kids
290c98ba,Kids
ce4820c2,Kids
3f5cdc62,Kids
6f684e13,Kids
c2cce893,Kids
94795dcf,Kids
7adacdbe,Kids
843a292d,Kids
b4e26158,Kids
d1859676,Kids
8fe7378b,Kids
d296b3e2,Kids
9e4d679b,Kids
0efd1db2,Kids
effe7615,Kids
356f9270,Kids
b92c8e0c,Kids
20401479,Kids
06e7aa7a,Kids
e1d7db56,Kids
ca2f7beb,Kids
40349975,Kids
70a528a9,Kids
d5ddf8c6,Kids
21986213,Kids
b37d530a,Kids
33b9a12a,Kids
fa981b05,Kids
54dbe4db,Kids
604d5e7d,Kids
a44a39d8,Kids
0294a1ce,Kids
8acfc2c7,Kids
fe98c265,Kids
9ee28975,Kids
57fb48db,Kids
7a9f8bfe,Kids
30e17d1f,Kids
7ab59962,Kids
bd014f43,Kids
9a441103,Kids
ac27affd,Kids
4297f403,Kids
2262dea3,Kids
54448186,Kids
46385c12,Kids
656b923a,Kids
7f4bba5d,Kids
4f0f1379,Kids
57c80594,Kids
0f03d647,Kids
cbf8e386,Kids
0a7c6560,Kids
412552a2,Kids
04453ca5,Kids
e2c7f359,Kids
e7121944,Kids
e78e6c87,Kids
304995f5,Kids
23e79326,Kids
46bb97d8,Kids
e0172e4c,Kids
b18678f1,Kids
69eb3672,Kids
c25472a5,Kids
9f7a2f00,Kids
3d129928,Kids
22ca36e1,Kids
e337bb14,Kids
a8382717,Kids
29c83a4d,Kids
eea2ad83,Kids
e837aaf5,Kids
27c69894,Kids
289632c3,Kids
a47f88a7,Kids
02265619,Kids
4580f082,Kids
d08167b0,Kids
c8f07f1b,Kids
71032919,Kids
6b6afddd,Kids
dd898594,Kids
6e4286cb,Kids
3c986271,Kids
da77ff03,Kids
0329e3a6,Kids
03162351,Kids
49fb975b,Kids
92f51c10,Kids
b1c97b17,Kids
3cc15c89,Kids
83c5c378,Kids
1c098753,Kids
a9fa1573,Kids
c69fb823,Kids
4f2359dc,Kids
5956c54d,Kids
dcd7a69a,Kids
f90199a6,Kids
2b7c9bf8,Kids
388c2880,Kids
53caa172,Kids
e38e60a1,Kids
4602bc06,Kids
18a42430,Kids
053583eb,Kids
852812fb,Kids
5c60a6fc,Kids
46ff757e,Kids
22ecdd3f,Kids
59793c56,Kids
63903e47,Kids
b52afc06,Kids
fb3d81c1,Kids
742be37f,Kids
b3a05dda,Kids
edcfa427,Kids
7680f780,Kids
3f3c0dab,Kids
a46791a3,Kids
8e6944f4,Kids
2311d4cc,Kids
2411514a,Kids
0a2ac0ed,Kids
debeb0e9,Kids
964a9de6,Kids
613a389e,Kids
dca0d3aa,Kids
cfd4302c,Kids
15c21113,Kids
0084d641,Kids
4520a4f3,Kids
cd0452e5,Kids
efbe0d25,Kids
0172c2cd,Kids
6f390aed,Kids
10b00dbf,Kids
eeab5727,Kids
b79538db,Kids
878be5be,Kids
3c8992d3,Kids
9927bda5,Kids
5b99f29b,Kids
fd20af4a,Kids
f28476a8,Kids
5871ae78,Kids
1e6b9576,Kids
bb0a52a6,Kids
52f58647,Kids
67a7950c,Kids
f6ebe5ba,Kids
c742e8b5,Kids
187d19ed,Kids
6d482ff5,Kids
28e86935,Kids
cc3702c0,Kids
25ddb32e,Kids
44551416,Kids
7187100f,Kids
3784bea5,Kids
9565f38b,Kids
f06ca3bd,Kids
dbe33ee5,Kids
6c88f203,Kids
db74e89f,Kids
47a1ed6b,Kids
49e68c65,Kids
0df0a993,Kids
18471aed,Kids
3b882999,Kids
0cd7c323,Kids
260ea7bf,Kids
5769a036,Kids
8318cc55,Kids
4ae7b6cc,Kids
ffbb5e4c,Kids
60317999,Kids
71cb456d,Kids
e07496db,Kids
5f2e5c31,Kids
987a3204,Kids
dfca2be4,Kids
2ae9cbab,Kids
77c15279,Kids
041e4cb9,Kids
9908c9dc,Kids
af0ba057,Kids
6a48c8bd,Kids
5d5077e9,Kids
2912eb69,Kids
2d4d20b4,Kids
5f771f35,Kids
f94447e6,Kids
e90c67c1,Kids
aab134a3,Kids
39d2d542,Kids
0fc7c424,Kids
e34b9df7,Kids
8b4adea3,Kids
08a1fae6,Kids
93b3530a,Kids
1324cb6b,Kids
5b10882a,Kids
fc6bbccb,Kids
4974c7b7,Kids
1c166594,Kids
7e8c0f64,Kids
8e5384a8,Kids
de2025c3,Kids
268d8b1f,Kids
d5bf5960,Kids
43215ed5,Kids
a2e8b949,Kids
bd487be0,Kids
39c23689,Kids
84f42544,Kids
7a26b474,Kids
1136f5bf,Kids
07c024b2,Kids
e3dff747,Kids
f2aa2338,Kids
9356874c,Kids
0cc6cea2,Kids
d2fb92a5,Kids
2ae8cca1,Kids
5598d690,Kids
525cdba2,Kids
3ca8df5a,Kids
4a873bd0,Kids
ebff95df,Kids
df78a9ee,Kids
5ae2e94b,Kids
7568e343,Kids
7341cf45,Kids
8656c362,Kids
68d91c59,Kids
372a1894,Kids
5cb19871,Kids
53370f80,Kids
a0ff2637,Kids
2e84b321,Kids
7f459d09,Kids
ef076c0c,Kids
98d9a140,Kids
c2159a59,Kids
93f5106b,Kids
971af4da,Kids
1a46790a,Kids
2b659b2e,Kids
bea634eb,Kids
2732da99,Kids
6c93057d,Kids
bbb9830e,Kids
e6e01337,Kids
4e1a0fc5,Kids
9efcee23,Kids
20d716ec,Kids
a2a7fd07,Kids
82bf936f,Kids
38237b1c,Kids
1e91b1e4,Kids
aa53aea7,Kids
8b504973,Kids
6034abea,Kids
baed9389,Kids
98af320c,Kids
8dfe4dc2,Kids
2c24d6c4,Kids
55631e2e,Kids
f6dc7918,Kids
a9c1b336,Kids
125c3968,Kids
04674333,Kids
d0f1654c,Kids
5031c63e,Kids
7fdcb59f,Kids
92bed585,Kids
a2b36d6d,Kids
815b3d83,Kids
042b3252,Kids
a1372201,Kids
f417ed8c,Kids
f34ab55a,Kids
2924a212,Kids
697edbc6,Kids
9d0273b7,Kids
2f1f0e21,Kids
1f3cb61c,Kids
19401a77,Kids
7de55048,Kids
70924992,Kids
b0f91a31,Kids
4a41a67c,Kids
848fd143,Kids
54dc2c2c,Kids
d555797f,Kids
2c334cc9,Kids
d7c53c62,Kids
4eeeae0e,Kids
f17ddeb9,Kids
c2f829dd,Kids
31187144,Kids
5dc9e0de,Kids
8b170476,Kids
4e797a14,Kids
428e73b4,Kids
409bf7c7,Kids
cecd81e6,Kids
738c8257,Kids
d8c4d829,Kids
3049cd75,Kids
91608a73,Kids
fb26a8a0,Kids
2b19a710,Kids
0e32bf12,Kids
a75f3e27,Kids
80bb6500,Kids
3beca107,Kids
5596807e,Kids
1264b1d8,Kids
b90796df,Kids
5b202b9b,Kids
29b20fcb,Kids
a2189414,Kids
60b36e53,Kids
87caa608,Kids
56200138,Kids
e91c751a,Kids
5c9ee13c,Kids
c5e83460,Kids
cde64910,Kids
c940af7b,Kids
e7e5c486,Kids
11bf139c,Kids
d742b5b0,Kids
ce963053,Kids
8f54ade5,Kids
3efe9d30,Kids
55298d04,Kids
5bf3c135,Kids
24fe52ce,Kids
5ea4c6e0,Kids
c453f8bc,Kids
ba2efe50,Kids
be74c9d0,Kids
3f8b6e0a,Kids
1aa87e72,Kids
2c92c375,Kids
e4b9e764,Kids
a2f728d9,Kids
58108777,Kids
d003c940,Kids
b38bef12,Kids
611b78e7,Kids
fed38261,Kids
7ffbed82,Kids
851cbc25,Kids
c3917788,Kids
04209e5f,Kids
b9109c49,Kids
9576287c,Kids
125f41c9,Kids
13c40ad0,Kids
f98ce5ff,Kids
4ec3c12e,Kids
e8cd2729,Kids
091eb616,Kids
3d4c09eb,Kids
da3086fe,Kids
446d75d6,Kids
c2711720,Kids
0f5b23e8,Kids
74ad6e65,Kids
9135f989,Kids
8971451c,Kids
8e9b9f8d,Kids
87069a7b,Kids
4918e577,Kids
16b40892,Kids
57a409eb,Kids
5a9d8ebb,Kids
4cadb945,Kids
212f91f5,Kids
69c4cdb1,Kids
e0232062,Kids
da8756eb,Kids
96949241,Kids
f10eb344,Kids
fffaa1db,Kids
ca94955a,Kids
c81be630,Kids
324b17bb,Kids
78b978cd,Kids
ba4a041a,Kids
d53d2e17,Kids
14ab4b20,Kids
ef66514e,Kids
65f1dc31,Kids
68c26692,Kids
cace1ee9,Kids
1b389a6e,Kids
4380a2e1,Kids
57abb11c,Kids
a84c6f9b,Kids
9bf128bc,Kids
a8a8bffa,Kids
86789680,Kids
534003ac,Kids
77bd7763,Kids
e93a11b0,Kids
5134cf4f,Kids
0c2bbe8d,Kids
b7e6b5de,Kids
2e6abc44,Kids
92ec47cc,Kids
b88182ac,Kids
3893cdbe,Kids
0dbeb6f8,Kids
db483753,Kids
a43447c9,Kids
cb2b36fb,Kids
b2fd320c,Kids
07a90fde,Kids
575ed712,Kids
b6f7fbf4,Kids
ea3ac01b,Kids
63c8b2c3,Kids
cefbf249,Kids
51707fbe,Kids
9d5b8030,Kids
4f2d5063,Kids
55d2847e,Kids
909950f1,Kids
1cc91345,Kids
587f9911,Kids
cbb67ba8,Kids
5779cf1e,Kids
57f67fc6,Kids
2d25101a,Kids
4fc5235d,Kids
477ae531,Kids
d96bf370,Kids
a636296a,Kids
1620d5ef,Kids
9b464693,Kids
2e67e2b7,Kids
393661ab,Kids
e45b0bed,Kids
5f6292c6,Kids
0c2c4baa,Kids
dd6aebf2,Kids
52f0aab0,Kids
7d944e03,Kids
c5143f1e,Kids
563dff71,Kids
7b6f32b4,Kids
4295f10f,Kids
643d169c,Kids
7097d710,Kids
6dc523fd,Kids
66aeb1d3,Kids
64037ee7,Kids
7f63af2f,Kids
cbcc30cd,Kids
de22d61b,Kids
b1d3cdef,Kids
63bf36f3,Kids
964339cc,Kids
e93ef972,Kids
a1a8de03,Kids
5768c3a8,Kids
ec43345a,Kids
9254d773,Kids
18e6837b,Kids
23fdfb9a,Kids
c1f65ef9,Kids
7a64dd8a,Kids
6c61b04d,Kids
d691e543,Kids
5256694a,Kids
3e4ea605,Kids
4af3364d,Kids
ce65075f,Kids
14b66840,Kids
842a5251,Kids
0d3f0249,Kids
11d4ba3e,Kids
f0d90c0d,Kids
6e3c2b2a,Kids
4a7f037c,Kids
223f2c99,Kids
29223424,Kids
7246ff7b,Kids
4d2e38d5,Kids
024a6745,Kids
2bb05f4f,Kids
ec933a18,Kids
aa04d595,Kids
87b682a4,Kids
54ffce0a,Kids
36da82ba,Kids
ce1cf45e,Kids
70055983,Kids
7dbe6f19,Kids
dc802ec3,Kids
02062587,Kids
4ad23afc,Kids
d772e59d,Kids
0a71a837,Kids
088dfcbe,Kids
f80dde15,Kids
a3d2d1f9,Kids
58cf2f78,Kids
492983dc,Kids
e41305dd,Kids
fcb49d36,Kids
9aa4b1a6,Kids
6f82b3c5,Kids
74bc65b0,Kids
3adc87da,Kids
6c1b9262,Kids
bc17453f,Kids
e647c056,Kids
c8f6dfb8,Kids
5dd58e38,Kids
8199fa0b,Kids
300e377c,Kids
d36a4103,Kids
5bb361d4,Kids
6708e97a,Kids
024efadf,Kids
2de81e08,Kids
56bd73b3,Kids
709b6b56,Kids
cbc11f86,Kids
4d00d7b2,Kids
3bf3b943,Kids
d359ce7b,Kids
6f929d42,Kids
b21d6a33,Kids
09c2a406,Kids
eaf8a57b,Kids
03ac5c28,Kids
e359b8f1,Kids
da1802c8,Kids
76eee2fb,Kids
bdd6bb0f,Kids
301de3fb,Kids
68f12814,Kids
6bb29f2c,Kids
816b5ac8,Kids
b65dab7f,Kids
d3c58be7,Kids
81ec7079,Kids
5f0d99cb,Kids
5aa1f5fd,Kids
cacb66d5,Kids
b876c7d6,Kids
6b635b85,Kids
b152520e,Kids
126f46c6,Kids
9c307447,Kids
356bf0e4,Kids
b39be0f7,Kids
f1d3bcd8,Kids
4bb58b1e,Kids
a7506418,Kids
9624ac00,Kids
514e6576,Kids
60c7cbba,Kids
ebe95c81,Kids
43e1db59,Kids
99baee90,Kids
98b0f2ad,Kids
f550c732,Kids
1dcd7d63,Kids
d9be0024,Kids
6641f34b,Kids
a37e4ea5,Kids
2e5b277a,Kids
32add2f5,Kids
4452a825,Kids
08e60656,Kids
00f1823d,Kids
6471a4ba,Kids
15c5a6b1,Kids
bcf6fecb,Kids
b521fc21,Kids
b9c3e4c9,Kids
780238ca,Kids
94269964,Kids
6d812483,Kids
37fdc008,Kids
59c37115,Kids
e4515add,Kids
8a2229bc,Kids
c18ee521,Kids
2e213479,Kids
18f9d348,Kids
2e3cc964,Kids
a4dda2f3,Kids
aca2b357,Kids
29903e72,Kids
f7aa2932,Kids
39ecd52a,Kids
e3a8f825,Kids
0b2fdf5c,Kids
42b78fee,Kids
7a7f9fb9,Kids
